District,Location,Average,Difference
Central,Melbourne,1.515026711,-0.225419092
Mallee,Mallee,0.768004701,-0.972441102
Wimmera,Horsham,1.152260489,-0.588185313
South West,Yatchaw,2.402030429,0.661584626
Northern Country,Kyabram,1.24910155,-0.491344253
North Central,High Camp,1.65835791,-0.082087893
North East,Uplands,2.995810909,1.255365106
West and South Gippsland,Traralgon,1.7189143,-0.021531502
East Gippsland,Gelantipy,2.204505225,0.464059423
Average,Victoria,1.740445803,0